{"cameraMode":{"drawMode":0,"name":"Shaded","section":"Shading Mode"},"sceneLighting":false,"audioPlay":false,"sceneViewState":{"showFog":false,"showMaterialUpdate":true,"showSkybox":false,"showFlares":false,"showImageEffects":false,"showParticleSystems":false},"in2DMode":false,"pivot":{"x":-290.4685363769531,"y":1343.669189453125,"z":11.856870651245118},"rotation":{"x":-0.7096434831619263,"y":0.0031637593638151886,"z":-0.0031865271739661695,"w":-0.7045505046844482},"size":1.3626282215118409,"orthographic":false}