{"cameraMode":{"drawMode":0,"name":"Shaded","section":"Shading Mode"},"sceneLighting":true,"audioPlay":false,"sceneViewState":{"showFog":false,"showMaterialUpdate":true,"showSkybox":false,"showFlares":false,"showImageEffects":false,"showParticleSystems":false},"in2DMode":false,"pivot":{"x":24.052230834960939,"y":37.88568115234375,"z":50.93437957763672},"rotation":{"x":0.45219770073890688,"y":0.16730065643787385,"z":-0.08678075671195984,"w":0.8717809915542603},"size":95.08763885498047,"orthographic":false}