{"cameraMode":{"drawMode":0,"name":"Shaded","section":"Shading Mode"},"sceneLighting":true,"audioPlay":false,"sceneViewState":{"showFog":false,"showMaterialUpdate":true,"showSkybox":false,"showFlares":false,"showImageEffects":false,"showParticleSystems":false},"in2DMode":false,"pivot":{"x":4.972622394561768,"y":1343.669189453125,"z":14.510217666625977},"rotation":{"x":-0.7096434831619263,"y":0.0031637593638151886,"z":-0.0031865271739661695,"w":-0.7045505046844482},"size":17.218820571899415,"orthographic":false}