{"cameraMode":{"drawMode":0,"name":"Shaded","section":"Shading Mode"},"sceneLighting":true,"audioPlay":false,"sceneViewState":{"showFog":false,"showMaterialUpdate":true,"showSkybox":false,"showFlares":false,"showImageEffects":false,"showParticleSystems":false},"in2DMode":false,"pivot":{"x":-21.790884017944337,"y":185.44845581054688,"z":-10.908519744873047},"rotation":{"x":-0.5451874136924744,"y":0.20839349925518037,"z":-0.14211072027683259,"w":-0.7994694113731384},"size":1487.64111328125,"orthographic":false}